task,is_primary,model,threshold,n_train,n_val,n_test,train_pos_rate,val_pos_rate,test_pos_rate,val_best_mcc,val_mcc,val_roc_auc,val_pr_auc,val_f1,val_precision,val_recall,val_accuracy,val_bal_acc,test_mcc,test_roc_auc,test_pr_auc,test_f1,test_precision,test_recall,test_accuracy,test_bal_acc
Ames,True,RF,0.5299999999999999,4827,784,928,0.5195773772529522,0.5573979591836735,0.6605603448275862,0.4979735556508083,0.4979735556508083,0.8176788293249098,0.8386240872863311,0.7651966626936829,0.7985074626865671,0.7345537757437071,0.7487244897959183,0.7505621904655135,0.5491833158771683,0.8583961262590953,0.9177808357777826,0.8553359683794466,0.8297546012269938,0.8825448613376835,0.802801724137931,0.7650819544783656
Ames,True,XGB,0.5399999999999999,4827,784,928,0.5195773772529522,0.5573979591836735,0.6605603448275862,0.46714755741707487,0.46714755741707487,0.8067548585785979,0.8390279027501255,0.7508939213349225,0.7835820895522388,0.7208237986270023,0.7334183673469388,0.7350516687659507,0.5032983234706159,0.8380641653072322,0.8997469847046471,0.8396825396825397,0.8176197836166924,0.8629690048939641,0.7823275862068966,0.7441829151453947
Ames,True,MLP,0.48999999999999994,4827,784,928,0.5195773772529522,0.5573979591836735,0.6605603448275862,0.33636108608160703,0.33636108608160703,0.7257565665824756,0.7655692112422405,0.7104072398190046,0.7024608501118568,0.7185354691075515,0.673469387755102,0.6676250832569458,0.5097199689682248,0.8230301147103758,0.8838755953341964,0.838813151563753,0.8249211356466877,0.8531810766721044,0.7834051724137931,0.750400062145576
Ames,True,SVM,0.49999999999999994,4827,784,928,0.5195773772529522,0.5573979591836735,0.6605603448275862,0.26535066232052834,0.26535066232052834,0.6673612988743001,0.7209131725638085,0.6816647919010124,0.6703539823008849,0.6933638443935927,0.639030612244898,0.6319845158567388,0.3633111349821099,0.7414226158108702,0.8313226927742032,0.7771333885666943,0.7895622895622896,0.765089722675367,0.7101293103448276,0.684132162924985
LD50_Zhu,True,RF,0.5099999999999999,5670,694,662,0.44409171075837744,0.4322766570605187,0.40634441087613293,0.5671917250132789,0.5671917250132789,0.8693739424703892,0.8372416348214664,0.7175572519083969,0.8392857142857143,0.6266666666666667,0.7867435158501441,0.7676480541455161,0.39292205404707453,0.7696491576567629,0.7167291424452501,0.5827814569536424,0.717391304347826,0.49070631970260226,0.7145015105740181,0.6791953990370518
LD50_Zhu,True,XGB,0.38999999999999996,5670,694,662,0.44409171075837744,0.4322766570605187,0.40634441087613293,0.5468259435333611,0.5468259435333611,0.8493401015228427,0.7993466908729092,0.7542503863987635,0.7031700288184438,0.8133333333333334,0.770893371757925,0.7759560067681895,0.3240244881382989,0.7142654445358836,0.6336053779477111,0.6302250803858521,0.5552407932011332,0.7286245353159851,0.6525679758308157,0.6645667205842012
LD50_Zhu,True,MLP,0.7599999999999999,5670,694,662,0.44409171075837744,0.4322766570605187,0.40634441087613293,0.48910610902230356,0.48910610902230356,0.8171489001692047,0.7872294583641677,0.639344262295082,0.8297872340425532,0.52,0.7463976945244957,0.7193908629441624,0.32004979528685734,0.7048346055979644,0.628302248460978,0.527027027027027,0.6685714285714286,0.4349442379182156,0.6827794561933535,0.6436807703585989
LD50_Zhu,True,SVM,0.4499999999999999,5670,694,662,0.44409171075837744,0.4322766570605187,0.40634441087613293,0.46815819927852026,0.46815819927852026,0.7828595600676818,0.736296566886444,0.6896551724137931,0.7142857142857143,0.6666666666666666,0.7406340057636888,0.7318104906937394,0.2762221890782232,0.6924997871676268,0.6045530397764723,0.5771324863883848,0.5638297872340425,0.5910780669144982,0.648036253776435,0.6390504838389285
hERG_Karim,True,RF,0.5299999999999999,8918,1060,1223,0.4908051132540929,0.5179245283018868,0.5044971381847915,0.4273136128476962,0.4273136128476962,0.7349138622437522,0.7915096115782871,0.5856622114216282,0.8795620437956204,0.43897996357012753,0.6783018867924528,0.6872003536050246,0.24555176459861708,0.701895148996261,0.7130380918708615,0.506198347107438,0.698005698005698,0.39708265802269044,0.6091578086672118,0.6110825831367578
hERG_Karim,True,XGB,0.6,8918,1060,1223,0.4908051132540929,0.5179245283018868,0.5044971381847915,0.37377830509621945,0.37377830509621945,0.7097801018753186,0.7659660116731706,0.5652694610778443,0.8251748251748252,0.42987249544626593,0.6575471698113208,0.6660125686624676,0.2895557256596199,0.7139865526260891,0.7205211552676634,0.5043103448275862,0.752411575562701,0.37925445705024313,0.6238757154538022,0.626095875389808
hERG_Karim,True,MLP,0.9299999999999999,8918,1060,1223,0.4908051132540929,0.5179245283018868,0.5044971381847915,0.3669362807623837,0.3669362807623837,0.7162105803471175,0.7335677830751823,0.6203904555314533,0.7667560321715817,0.5209471766848816,0.6698113207547169,0.675346386776883,0.2365606450255937,0.6357267412316596,0.6467725944653344,0.5463228271251194,0.6651162790697674,0.46353322528363045,0.6116107931316435,0.6129547314536964
hERG_Karim,True,SVM,0.5399999999999999,8918,1060,1223,0.4908051132540929,0.5179245283018868,0.5044971381847915,0.36032900240898746,0.36032900240898746,0.7141039213799151,0.7229126829370451,0.6614017769002961,0.7219827586206896,0.6102003642987249,0.6764150943396227,0.6788770901728458,0.22425700366806944,0.6202614588849484,0.6509056355729045,0.5617566331198536,0.6449579831932774,0.49756888168557534,0.6083401471790678,0.6093454969483982
NR-AhR,True,RF,0.38999999999999996,4664,592,585,0.120926243567753,0.15878378378378377,0.13162393162393163,0.5948836601740024,0.5948836601740024,0.9005383235067931,0.6710929801687944,0.6606334841628959,0.5748031496062992,0.776595744680851,0.8733108108108109,0.834081004870546,0.41080180867842964,0.8445393189487678,0.4889595713100173,0.4945054945054945,0.42857142857142855,0.5844155844155844,0.8427350427350427,0.733152674097556
NR-AhR,True,XGB,0.6799999999999999,4664,592,585,0.120926243567753,0.15878378378378377,0.13162393162393163,0.616848172920621,0.616848172920621,0.897761257797146,0.6749177110750749,0.68,0.6415094339622641,0.723404255319149,0.8918918918918919,0.8235495172178074,0.3592567977457762,0.823051948051948,0.4384725412405001,0.4383561643835616,0.463768115942029,0.4155844155844156,0.8598290598290599,0.6713748849575621
NR-AhR,True,MLP,0.27999999999999997,4664,592,585,0.120926243567753,0.15878378378378377,0.13162393162393163,0.609550481202343,0.609550481202343,0.8776382124241648,0.6730862315465488,0.673469387755102,0.6470588235294118,0.7021276595744681,0.8918918918918919,0.814919251473981,0.42369086878793605,0.7927190919316903,0.4869629425178685,0.4852941176470588,0.559322033898305,0.42857142857142855,0.8803418803418803,0.6886951631046119
NR-AhR,True,SVM,0.19999999999999996,4664,592,585,0.120926243567753,0.15878378378378377,0.13162393162393163,0.4043078873864858,0.4043078873864858,0.7775570366572673,0.4697208202283007,0.4972972972972973,0.5054945054945055,0.48936170212765956,0.8429054054054054,0.6995001281722635,0.12895316642052246,0.612153594437059,0.2142365174599202,0.2484472049689441,0.23809523809523808,0.2597402597402597,0.7931623931623931,0.5668780038858778
NR-Aromatase,True,RF,0.20999999999999996,4163,516,498,0.04660100888782128,0.04844961240310078,0.05622489959839357,0.3023414917322799,0.3023414917322799,0.860122199592668,0.2317344565793475,0.3047619047619048,0.2,0.64,0.8585271317829457,0.754826883910387,0.08396600583210159,0.7256079027355624,0.2997156718779971,0.14285714285714285,0.08333333333333333,0.5,0.6626506024096386,0.5861702127659574
NR-Aromatase,True,XGB,0.43999999999999995,4163,516,498,0.04660100888782128,0.04844961240310078,0.05622489959839357,0.27685254692796807,0.27685254692796807,0.8168635437881874,0.1445633803190998,0.2782608695652174,0.17777777777777778,0.64,0.8391472868217055,0.744643584521385,0.09704896281625625,0.6857142857142857,0.2504032940426279,0.15135135135135136,0.08917197452229299,0.5,0.6847389558232931,0.597872340425532
NR-Aromatase,True,MLP,0.20999999999999996,4163,516,498,0.04660100888782128,0.04844961240310078,0.05622489959839357,0.19085445073165314,0.19085445073165314,0.7182077393075357,0.16552639095077218,0.18181818181818182,0.375,0.12,0.9476744186046512,0.554908350305499,0.10382937252676282,0.5525835866261398,0.18077891062513643,0.13636363636363635,0.1875,0.10714285714285714,0.9236947791164659,0.539741641337386
NR-Aromatase,True,SVM,0.09,4163,516,498,0.04660100888782128,0.04844961240310078,0.05622489959839357,0.14964007526774656,0.14964007526774656,0.6964562118126273,0.1216130767390524,0.19230769230769232,0.18518518518518517,0.2,0.9186046511627907,0.5775967413441955,0.16429771214201758,0.6829787234042553,0.15915724296454808,0.21686746987951808,0.16363636363636364,0.32142857142857145,0.8694779116465864,0.6117781155015197
NR-ER,True,RF,0.38999999999999996,4427,564,542,0.126722385362548,0.1400709219858156,0.1033210332103321,0.39534914163850143,0.39534914163850143,0.7164034973248073,0.44755141309660407,0.4496124031007752,0.58,0.3670886075949367,0.874113475177305,0.6618948192613859,0.28977821600603504,0.724867724867725,0.38001150632083697,0.3584905660377358,0.38,0.3392857142857143,0.8745387453874539,0.6377498530276309
NR-ER,True,XGB,0.6799999999999999,4427,564,542,0.126722385362548,0.1400709219858156,0.1033210332103321,0.36459230796636555,0.36459230796636555,0.6858541041367612,0.4012265548002205,0.32323232323232326,0.8,0.20253164556962025,0.8812056737588653,0.5971421114446039,0.3154655638309567,0.683862433862434,0.3353009961277019,0.3488372093023256,0.5,0.26785714285714285,0.8966789667896679,0.6184964726631393
NR-ER,True,MLP,0.5499999999999999,4427,564,542,0.126722385362548,0.1400709219858156,0.1033210332103321,0.23433460218482263,0.23433460218482263,0.6938274827091218,0.326558101597665,0.11904761904761904,1.0,0.06329113924050633,0.8687943262411347,0.5316455696202531,0.14563183259031695,0.6385949441504997,0.25810494862262356,0.12307692307692308,0.4444444444444444,0.07142857142857142,0.8948339483394834,0.530570252792475
NR-ER,True,SVM,0.18,4427,564,542,0.126722385362548,0.1400709219858156,0.1033210332103321,0.18517299383133098,0.18517299383133098,0.6255513506459611,0.217527917147859,0.2727272727272727,0.33962264150943394,0.22784810126582278,0.8297872340425532,0.5778415764061073,0.07297192152349084,0.5625367430922986,0.13671958307851229,0.14893617021276595,0.18421052631578946,0.125,0.8523985239852399,0.5306069958847737
NR-ER-LBD,True,RF,0.5299999999999999,4962,623,634,0.049576783555018135,0.03531300160513644,0.04574132492113565,0.39214840676989293,0.39214840676989293,0.758357283315686,0.287430441836452,0.3448275862068966,0.7142857142857143,0.22727272727272727,0.9695024077046549,0.6119724701255483,0.46571413832866665,0.8855514391564548,0.42553253061746865,0.48,0.5714285714285714,0.41379310344827586,0.9589905362776026,0.6994585351952123
NR-ER-LBD,True,XGB,0.8699999999999999,4962,623,634,0.049576783555018135,0.03531300160513644,0.04574132492113565,0.39214840676989293,0.39214840676989293,0.6718348207532899,0.26460020864654815,0.3448275862068966,0.7142857142857143,0.22727272727272727,0.9695024077046549,0.6119724701255483,0.44776645808441784,0.835280706754061,0.4582374159892063,0.42857142857142855,0.6923076923076923,0.3103448275862069,0.9621451104100947,0.6518666286691365
NR-ER-LBD,True,MLP,0.7799999999999999,4962,623,634,0.049576783555018135,0.03531300160513644,0.04574132492113565,0.36357220841689464,0.36357220841689464,0.6342459537135078,0.2392348011726335,0.24,1.0,0.13636363636363635,0.9695024077046549,0.5681818181818181,0.23652919315302984,0.7715018523795953,0.32798265263745097,0.17647058823529413,0.6,0.10344827586206896,0.9558359621451105,0.550071245369051
NR-ER-LBD,True,SVM,0.19,4962,623,634,0.049576783555018135,0.03531300160513644,0.04574132492113565,0.2271308738974557,0.2271308738974557,0.6703221902889124,0.14888383960192236,0.20689655172413793,0.42857142857142855,0.13636363636363635,0.9630818619582665,0.5648540311601875,0.1651850090181664,0.7950983186092904,0.25336795909463006,0.15789473684210525,0.3333333333333333,0.10344827586206896,0.9495268138801262,0.5467654602450841
SR-ARE,True,RF,0.3999999999999999,4201,531,531,0.15591525827184005,0.17325800376647835,0.21092278719397364,0.37139812813126794,0.37139812813126794,0.7906061206298901,0.45415036189424823,0.4777777777777778,0.48863636363636365,0.4673913043478261,0.8229755178907722,0.682442804793503,0.29219116721979327,0.7336345039209001,0.4043227313584531,0.46096654275092935,0.39490445859872614,0.5535714285714286,0.7269303201506592,0.6634205591544493
SR-ARE,True,XGB,0.6,4201,531,531,0.15591525827184005,0.17325800376647835,0.21092278719397364,0.37572587364167537,0.37572587364167537,0.7265772011488562,0.42883431731665933,0.4662576687116564,0.5352112676056338,0.41304347826086957,0.8361581920903954,0.6689363177181341,0.21143661118757176,0.6979308728264576,0.35383315705213914,0.36792452830188677,0.39,0.3482142857142857,0.7476459510357816,0.6013147800886465
SR-ARE,True,MLP,0.13999999999999999,4201,531,531,0.15591525827184005,0.17325800376647835,0.21092278719397364,0.27560589205975267,0.27560589205975267,0.7044666732692879,0.3672755345494049,0.40816326530612246,0.38461538461538464,0.43478260869565216,0.7815442561205274,0.644498365851243,0.18512050431334248,0.6826841118308898,0.31533216265119124,0.3888888888888889,0.3181818181818182,0.5,0.6685499058380414,0.6068019093078759
SR-ARE,True,SVM,0.21999999999999997,4201,531,531,0.15591525827184005,0.17325800376647835,0.21092278719397364,0.2953841966506437,0.2953841966506437,0.679583044468654,0.3738502626125266,0.36619718309859156,0.52,0.2826086956521739,0.8305084745762712,0.6139694958898683,0.11008919143857424,0.6205463689055576,0.2894764837466841,0.24,0.3333333333333333,0.1875,0.7495291902071564,0.5436306682577565
SR-HSE,True,RF,0.22999999999999998,4659,598,581,0.058166988624168275,0.07525083612040134,0.043029259896729774,0.2645814651293392,0.2645814651293392,0.7347799879445448,0.28970144395318354,0.31137724550898205,0.21311475409836064,0.5777777777777777,0.8076923076923077,0.7020896122161945,0.13567707825087402,0.7387050359712231,0.09563337073499112,0.16296296296296298,0.1,0.44,0.8055077452667814,0.6309712230215827
SR-HSE,True,XGB,0.72,4659,598,581,0.058166988624168275,0.07525083612040134,0.043029259896729774,0.27561852914261153,0.27561852914261153,0.6583885875025116,0.21741079277586287,0.24561403508771928,0.5833333333333334,0.15555555555555556,0.9280936454849499,0.5732569821177416,-0.012601787098700414,0.6671223021582734,0.07356211482667648,0.03571428571428571,0.03225806451612903,0.04,0.9070567986230637,0.49302158273381297
SR-HSE,True,MLP,0.31999999999999995,4659,598,581,0.058166988624168275,0.07525083612040134,0.043029259896729774,0.1400015128831916,0.1400015128831916,0.537392003214788,0.13091804223183212,0.14035087719298245,0.3333333333333333,0.08888888888888889,0.9180602006688964,0.5372111713883866,0.02884377927919588,0.6402877697841727,0.09117518206987453,0.05405405405405406,0.08333333333333333,0.04,0.9397590361445783,0.5101079136690647
SR-HSE,True,SVM,0.18,4659,598,581,0.058166988624168275,0.07525083612040134,0.043029259896729774,0.1591942770909422,0.1591942770909422,0.6237894313843682,0.1476343264643718,0.08333333333333333,0.6666666666666666,0.044444444444444446,0.9264214046822743,0.521318063090215,0.1323527109429014,0.6115107913669064,0.09058519431369405,0.07407407407407407,0.5,0.04,0.9569707401032702,0.5191007194244605
SR-MMP,True,RF,0.41999999999999993,4178,492,505,0.14576352321685015,0.14634146341463414,0.29108910891089107,0.48639767106146764,0.48639767106146764,0.8603505291005291,0.5757219642758202,0.5637583892617449,0.5454545454545454,0.5833333333333334,0.8678861788617886,0.75,0.4152068239334867,0.8069775396191996,0.6073182485489269,0.6060606060606061,0.5092592592592593,0.7482993197278912,0.7168316831683168,0.7261049671265154
SR-MMP,True,XGB,0.4799999999999999,4178,492,505,0.14576352321685015,0.14634146341463414,0.29108910891089107,0.45313677693839044,0.45313677693839044,0.8414021164021165,0.5385309795711964,0.5320197044334976,0.4122137404580153,0.75,0.806910569105691,0.7833333333333333,0.3954127084845327,0.8029491126059362,0.6207807784916494,0.595,0.47035573122529645,0.8095238095238095,0.6792079207920793,0.717611066773078
SR-MMP,True,MLP,0.10999999999999999,4178,492,505,0.14576352321685015,0.14634146341463414,0.29108910891089107,0.4305555555555556,0.4305555555555556,0.8078703703703703,0.5054074014084288,0.5138888888888888,0.5138888888888888,0.5138888888888888,0.8577235772357723,0.7152777777777777,0.3231290041000446,0.7368791091855738,0.5345920491513383,0.5018450184501845,0.5483870967741935,0.46258503401360546,0.7326732673267327,0.6530802265040094
SR-MMP,True,SVM,0.25999999999999995,4178,492,505,0.14576352321685015,0.14634146341463414,0.29108910891089107,0.29110256872576296,0.29110256872576296,0.7355489417989418,0.3681411508242944,0.3779527559055118,0.43636363636363634,0.3333333333333333,0.8394308943089431,0.6297619047619047,0.31382314345395995,0.7279291604910121,0.566391831155977,0.4253393665158371,0.6351351351351351,0.3197278911564626,0.7485148514851485,0.6221544483715273
SR-p53,True,RF,0.25999999999999995,4846,614,597,0.057985967808501855,0.08306188925081433,0.07537688442211055,0.408388170579638,0.408388170579638,0.8451920732769129,0.41664736555009596,0.46017699115044247,0.41935483870967744,0.5098039215686274,0.9006514657980456,0.7229303799672622,0.19889067186982515,0.7859098228663446,0.306383672065077,0.26666666666666666,0.2,0.4,0.8341708542713567,0.6347826086956522
SR-p53,True,XGB,0.61,4846,614,597,0.057985967808501855,0.08306188925081433,0.07537688442211055,0.41575877752530066,0.41575877752530066,0.7922195521192491,0.36707230644785294,0.43902439024390244,0.5806451612903226,0.35294117647058826,0.9250814332247557,0.66492529516247,0.22680784625608003,0.713365539452496,0.2655449100045039,0.2857142857142857,0.2826086956521739,0.28888888888888886,0.8911222780569514,0.6145531400966183
SR-p53,True,MLP,0.05,4846,614,597,0.057985967808501855,0.08306188925081433,0.07537688442211055,0.30470550103097443,0.30470550103097443,0.7359035976735278,0.3339651713973588,0.32,0.5,0.23529411764705882,0.9169381107491856,0.6069898652178456,0.21144362973016556,0.6534219001610306,0.2613830907039001,0.26506024096385544,0.2894736842105263,0.24444444444444444,0.897822445561139,0.5977657004830917
SR-p53,True,SVM,0.10999999999999999,4846,614,597,0.057985967808501855,0.08306188925081433,0.07537688442211055,0.3005393733414222,0.3005393733414222,0.7033399505450494,0.30006672552284014,0.3055555555555556,0.5238095238095238,0.21568627450980393,0.9185667752442996,0.5989621425834988,0.20938698372237832,0.6230273752012881,0.2089461014461384,0.2222222222222222,0.3888888888888889,0.15555555555555556,0.9179229480737019,0.5678140096618358
