task_name,cluster_id,cluster_method,representative_smiles,n_occurrences,n_molecules,n_positive_molecules,mean_seed_score,n_validated_occurrences,n_tested_occurrences,validated_fraction,mean_true_drop,mean_random_drop,mean_delta_vs_random,mean_empirical_p,selection_basis
Ames,28,exact_repeat,Nc,4,4,4,1.0,2.0,4.0,0.5,0.1325877457857132,-0.041466823662631214,0.1740545694483444,0.20238095238095238,counterfactual_validated
Ames,21,exact_repeat,O=N,6,6,6,1.0,2.0,6.0,0.3333333333333333,0.07252310713132222,0.005059816447707514,0.06746329068361472,0.20634920634920637,counterfactual_validated
Ames,34,exact_repeat,C(c)#N,3,3,3,1.0,1.0,3.0,0.3333333333333333,0.06250536441802979,0.009536290230850378,0.05296907418717941,0.25396825396825395,counterfactual_validated
Ames,16,exact_repeat,[N+](c)(=O)[O-],7,7,7,0.940451443195343,2.0,7.0,0.2857142857142857,0.06097566655703953,0.0018018575252166816,0.05917380903182285,0.19727891156462585,counterfactual_validated
Ames,17,exact_repeat,c(O)(c)c,7,7,7,0.8047393219811576,2.0,7.0,0.2857142857142857,0.05801185752664294,0.01799952451671873,0.040012333009924204,0.36734693877551017,counterfactual_validated
Ames,31,exact_repeat,c(c)(c)N,4,4,4,1.0,1.0,4.0,0.25,0.031474143266677856,0.01204306280851597,0.019431080458161887,0.4523809523809524,counterfactual_validated
Ames,5,exact_repeat,c(c)(c)-c,18,18,18,0.7832764817608727,4.0,18.0,0.2222222222222222,0.0707923819621404,0.0033164222267158846,0.06747595973542451,0.12962962962962962,counterfactual_validated
Ames,24,exact_repeat,Oc,5,5,5,0.9857059240341186,1.0,5.0,0.2,0.07549036741256714,0.02449986759456806,0.05099049981799908,0.3238095238095238,counterfactual_validated
Ames,10,exact_repeat,c(cc)(c(N)c)c(c)n,12,12,12,0.7727317561705908,2.0,12.0,0.16666666666666666,0.07084876174728076,-0.001402916619554162,0.07225167836683492,0.24206349206349206,counterfactual_validated
Ames,0,exact_repeat,c(c)(c)c,133,133,133,0.8874921370717815,19.0,133.0,0.14285714285714285,0.055945848667980136,0.015138740351955806,0.04080710831602433,0.13283208020050125,counterfactual_validated
Ames,15,exact_repeat,O=[N+](c)[O-],7,7,7,0.7950064795357841,1.0,7.0,0.14285714285714285,0.017602235078811646,0.0042801468433546165,0.013322088235457028,0.673469387755102,counterfactual_validated
Ames,3,exact_repeat,c(c)(c)C,28,28,28,0.7371669645820346,3.0,28.0,0.10714285714285714,0.07356057422501701,0.018015026014057054,0.05554554821095995,0.2891156462585034,counterfactual_validated
Ames,4,exact_repeat,c(N)(c)c,19,19,19,0.7834675406154833,1.0,19.0,0.05263157894736842,0.03177456793032194,0.012311698554855722,0.01946286937546622,0.38847117794486213,counterfactual_validated
Ames,2,exact_repeat,[O-][N+](c)=O,40,40,40,0.7886556655168533,1.0,40.0,0.025,0.006736431270837784,0.002736450271186186,0.003999980999651598,0.6059523809523809,counterfactual_validated
Ames,1,exact_repeat,[O-][N+],50,50,50,0.8708518779277802,1.0,50.0,0.02,0.02097086191177368,0.010546613790447737,0.010424248121325945,0.4476190476190476,counterfactual_validated
LD50_Zhu,16,exact_repeat,C(C)#N,3,3,3,1.0,2.0,3.0,0.6666666666666666,0.2233628531297048,-0.04195497743785381,0.2653178305675586,0.047619047619047616,counterfactual_validated
LD50_Zhu,8,exact_repeat,P(=O)(O)(O)O,6,6,6,0.9702523251374563,2.0,6.0,0.3333333333333333,0.08120614290237427,-0.018357119396872196,0.09956326229924646,0.09523809523809523,counterfactual_validated
LD50_Zhu,17,exact_repeat,Clc(c)c,3,3,3,0.9403635462125143,1.0,3.0,0.3333333333333333,0.07804674903551738,0.020393405614110332,0.057653343421407044,0.1111111111111111,counterfactual_validated
LD50_Zhu,19,exact_repeat,N(CC)(CC)CC,3,3,3,0.9450929363568624,1.0,3.0,0.3333333333333333,0.03567387660344442,-0.004414524262150128,0.040088400865594544,0.5555555555555556,counterfactual_validated
LD50_Zhu,9,exact_repeat,ClC,5,5,5,0.9937920928001404,1.0,5.0,0.2,0.06115698218345642,0.017187238205224276,0.04396974397823215,0.2,counterfactual_validated
LD50_Zhu,6,exact_repeat,N(C)C,7,7,7,1.0,1.0,7.0,0.14285714285714285,0.02222299575805664,0.0012315554527698883,0.02099144030528675,0.3945578231292517,counterfactual_validated
LD50_Zhu,4,exact_repeat,c(c)(c)c,9,9,9,0.9463447464836968,1.0,9.0,0.1111111111111111,0.040861166185802884,0.0311170710871617,0.009744095098641183,0.2698412698412698,counterfactual_validated
LD50_Zhu,3,exact_repeat,N(C)(C)C,9,9,9,0.9989889793925815,1.0,9.0,0.1111111111111111,0.012888535857200623,-0.04436192551576015,0.057250461372960776,0.38095238095238093,counterfactual_validated
LD50_Zhu,1,exact_repeat,c(c)(c)C,13,13,13,0.8440301051506629,1.0,13.0,0.07692307692307693,0.051154070175611056,0.018233513094086308,0.03292055708152475,0.20512820512820512,counterfactual_validated
hERG_Karim,20,exact_repeat,C(NC)(CC)(CC)CO,12,12,12,0.6408722500006357,10.0,12.0,0.8333333333333334,0.3316126863161723,0.02765580218207712,0.30395688413409516,0.05555555555555555,counterfactual_validated
hERG_Karim,64,exact_repeat,C1(CC)CCCN1C,3,3,3,0.7865702311197916,2.0,3.0,0.6666666666666666,0.11391534407933553,-0.013320477912202477,0.12723582199153802,0.047619047619047616,counterfactual_validated
hERG_Karim,44,exact_repeat,N(C)C,5,5,5,0.9142385244369506,2.0,5.0,0.4,0.12487828135490417,0.004929875876405277,0.1199484054784989,0.047619047619047616,counterfactual_validated
hERG_Karim,4,exact_repeat,N(Cc)(CC)CC,25,25,25,0.6976940226554871,10.0,25.0,0.4,0.07997807621955871,-0.02099623078946024,0.10097430700901895,0.17142857142857143,counterfactual_validated
hERG_Karim,85,dbscan,C(O)(F)(F)F,5,3,3,0.6920182406902313,2.0,5.0,0.4,0.05605190992355347,0.0014411741867661476,0.05461073573678732,0.18095238095238095,counterfactual_validated
hERG_Karim,58,exact_repeat,C(CC)C(N)(C)C,3,3,3,0.3715941707293193,1.0,3.0,0.3333333333333333,0.1579448382059733,0.009199987126824757,0.14874485107914856,0.17460317460317457,counterfactual_validated
hERG_Karim,6,exact_repeat,N(C)(C)C,24,24,24,0.9805351669589678,6.0,24.0,0.25,0.0357103298107783,-0.010839291899173986,0.046549621709952284,0.376984126984127,counterfactual_validated
hERG_Karim,30,exact_repeat,C1(COC=N1)(c(c)c)C1(C)CC1,8,8,8,0.7140824869275093,1.0,8.0,0.125,0.09742654114961624,0.0670797061175108,0.030346835032105446,0.19047619047619047,counterfactual_validated
NR-AhR,2,exact_repeat,c(c)(c)c,5,5,5,0.8377590179443359,3.0,5.0,0.6,0.2971477031707764,0.10322397723793983,0.19392372593283652,0.11428571428571428,counterfactual_validated
NR-AhR,1,exact_repeat,Oc,5,5,5,1.0,2.0,5.0,0.4,0.16051940247416496,0.03072931538335979,0.12979008709080517,0.19047619047619047,counterfactual_validated
NR-AhR,0,exact_repeat,O=C,14,14,14,0.9855703796659198,5.0,14.0,0.35714285714285715,0.2946062948820846,0.07368295951580096,0.22092333536628367,0.1870748299319728,counterfactual_validated
NR-Aromatase,0,exact_repeat,c(N)(c)c,4,4,4,0.8979454040527344,,,,,,,,shap_consensus
NR-Aromatase,1,exact_repeat,cc(OCC)c,4,4,4,0.7766322791576385,,,,,,,,shap_consensus
NR-ER,4,exact_repeat,Oc,3,3,3,1.0,1.0,3.0,0.3333333333333333,0.22363569835821787,0.024688171222805977,0.1989475271354119,0.047619047619047616,counterfactual_validated
NR-ER-LBD,0,exact_repeat,C(c)(c)(C)C,3,3,3,0.9288068413734436,,,,,,,,shap_consensus
NR-ER-LBD,1,exact_repeat,c(c)c,3,3,3,0.7102793653806051,,,,,,,,shap_consensus
SR-ARE,6,exact_repeat,Oc(c)c,3,3,3,0.9479253689448038,1.0,3.0,0.3333333333333333,0.10219413042068481,0.02170202787965536,0.08049210254102945,0.2698412698412698,counterfactual_validated
SR-ARE,8,dbscan,C(\C)=C,3,3,3,0.9507021506627401,1.0,3.0,0.3333333333333333,0.0477499191959699,-0.026013882947154343,0.07376380214312424,0.17460317460317457,counterfactual_validated
SR-ARE,2,exact_repeat,c(c)(c)c,6,6,6,1.0,1.0,6.0,0.16666666666666666,0.09231664737065633,0.020441417427112658,0.07187522994354367,0.14285714285714285,counterfactual_validated
SR-HSE,0,exact_repeat,c([N+])(c)c,4,4,4,0.6946075782179832,,,,,,,,shap_consensus
SR-MMP,10,exact_repeat,Oc,4,4,4,1.0,3.0,4.0,0.75,0.47018103301525116,0.06711206282489002,0.40306897019036114,0.07142857142857142,counterfactual_validated
SR-MMP,5,exact_repeat,c(O)(c)c,6,6,6,0.8283610741297404,2.0,6.0,0.3333333333333333,0.34907497465610504,0.14530072694954774,0.2037742477065573,0.24603174603174605,counterfactual_validated
SR-MMP,16,exact_repeat,Clc(c)c,3,3,3,0.5890021820863088,1.0,3.0,0.3333333333333333,0.06173816199103991,-0.010120435540253917,0.07185859753129382,0.07936507936507936,counterfactual_validated
SR-MMP,0,exact_repeat,c(N)(c)c,17,17,17,0.8522918241865495,1.0,17.0,0.058823529411764705,0.0887939873534967,0.04465085098533617,0.04414313636816052,0.3137254901960784,counterfactual_validated
SR-p53,1,exact_repeat,C(c)(c)(C)C,3,3,3,1.0,1.0,3.0,0.3333333333333333,0.05674417813618978,0.03875137213617563,0.017992806000014145,0.38095238095238093,counterfactual_validated
