benchmark,our_model,our_auroc_mean,our_auroc_std_across_seeds,published_model,published_auroc_mean,published_auroc_std,point_estimate_delta,higher_point_estimate,development_test_canonical_overlap,clean_claim_eligible,paper_citation,paper_url,benchmark_score_source,claim_note
tdc_ames,ToxLens architecture retrained from scratch,0.8309888582114395,0.007471411451026158,Chemprop-RDKit,0.85,0.004,-0.01901114178856045,False,0,True,"Yang K, Swanson K, Jin W, et al. Analyzing Learned Molecular Representations for Property Prediction. J Chem Inf Model. 2019;59:3370-3388.",https://doi.org/10.1021/acs.jcim.9b00237,https://tdcommons.ai/benchmark/admet_group/21ames/,"A positive delta means a higher official-test AUROC point estimate. It is not, by itself, a statistical superiority claim because paired comparator predictions are unavailable."
tdc_ames,ToxLens architecture retrained from scratch,0.8309888582114395,0.007471411451026158,CMPNN,0.843,0.009,-0.012011141788560442,False,0,True,"Song Y, Zheng S, Niu Z, Fu ZH, Lu Y, Yang Y. Communicative Representation Learning on Attributed Molecular Graphs. IJCAI. 2020:2831-2838.",https://doi.org/10.24963/ijcai.2020/392,https://tdcommons.ai/benchmark/admet_group/21ames/,"A positive delta means a higher official-test AUROC point estimate. It is not, by itself, a statistical superiority claim because paired comparator predictions are unavailable."
tdc_ames,ToxLens architecture retrained from scratch,0.8309888582114395,0.007471411451026158,AttentiveFP,0.814,0.008,0.016988858211439584,True,0,True,"Xiong Z, Wang D, Liu X, et al. Pushing the Boundaries of Molecular Representation for Drug Discovery with the Graph Attention Mechanism. J Med Chem. 2020;63:8749-8760.",https://doi.org/10.1021/acs.jmedchem.9b00959,https://tdcommons.ai/benchmark/admet_group/21ames/,"A positive delta means a higher official-test AUROC point estimate. It is not, by itself, a statistical superiority claim because paired comparator predictions are unavailable."
tdc_herg,ToxLens architecture retrained from scratch,0.8046833578792342,0.054684351473464975,RDKit2D + MLP (DeepPurpose),0.841,0.02,-0.036316642120765796,False,6,False,"Huang K, Fu T, Glass LM, Zitnik M, Xiao C, Sun J. DeepPurpose: a deep learning library for drug-target interaction prediction. Bioinformatics. 2020.",https://doi.org/10.1093/bioinformatics/btaa1005,https://tdcommons.ai/benchmark/admet_group/20herg/,Protocol-reproduction result only: the official published fold contains 6 canonical development/test molecular overlaps. Do not use this row as a clean superiority claim.
tdc_herg,ToxLens architecture retrained from scratch,0.8046833578792342,0.054684351473464975,Chemprop-RDKit,0.84,0.007,-0.035316642120765795,False,6,False,"Yang K, Swanson K, Jin W, et al. Analyzing Learned Molecular Representations for Property Prediction. J Chem Inf Model. 2019;59:3370-3388.",https://doi.org/10.1021/acs.jcim.9b00237,https://tdcommons.ai/benchmark/admet_group/20herg/,Protocol-reproduction result only: the official published fold contains 6 canonical development/test molecular overlaps. Do not use this row as a clean superiority claim.
tdc_herg,ToxLens architecture retrained from scratch,0.8046833578792342,0.054684351473464975,AttentiveFP,0.825,0.007,-0.020316642120765782,False,6,False,"Xiong Z, Wang D, Liu X, et al. Pushing the Boundaries of Molecular Representation for Drug Discovery with the Graph Attention Mechanism. J Med Chem. 2020;63:8749-8760.",https://doi.org/10.1021/acs.jmedchem.9b00959,https://tdcommons.ai/benchmark/admet_group/20herg/,Protocol-reproduction result only: the official published fold contains 6 canonical development/test molecular overlaps. Do not use this row as a clean superiority claim.
tdc_dili,ToxLens architecture retrained from scratch,0.8865217391304349,0.01667477748453604,Chemprop,0.899,0.008,-0.012478260869565161,False,0,True,"Yang K, Swanson K, Jin W, et al. Analyzing Learned Molecular Representations for Property Prediction. J Chem Inf Model. 2019;59:3370-3388.",https://doi.org/10.1021/acs.jcim.9b00237,https://tdcommons.ai/benchmark/admet_group/22dili/,"A positive delta means a higher official-test AUROC point estimate. It is not, by itself, a statistical superiority claim because paired comparator predictions are unavailable."
tdc_dili,ToxLens architecture retrained from scratch,0.8865217391304349,0.01667477748453604,Chemprop-RDKit,0.887,0.011,-0.00047826086956515024,False,0,True,"Yang K, Swanson K, Jin W, et al. Analyzing Learned Molecular Representations for Property Prediction. J Chem Inf Model. 2019;59:3370-3388.",https://doi.org/10.1021/acs.jcim.9b00237,https://tdcommons.ai/benchmark/admet_group/22dili/,"A positive delta means a higher official-test AUROC point estimate. It is not, by itself, a statistical superiority claim because paired comparator predictions are unavailable."
tdc_dili,ToxLens architecture retrained from scratch,0.8865217391304349,0.01667477748453604,AttentiveFP,0.886,0.015,0.0005217391304348507,True,0,True,"Xiong Z, Wang D, Liu X, et al. Pushing the Boundaries of Molecular Representation for Drug Discovery with the Graph Attention Mechanism. J Med Chem. 2020;63:8749-8760.",https://doi.org/10.1021/acs.jmedchem.9b00959,https://tdcommons.ai/benchmark/admet_group/22dili/,"A positive delta means a higher official-test AUROC point estimate. It is not, by itself, a statistical superiority claim because paired comparator predictions are unavailable."
